filename,person_id,age
001A02.JPG,1,2
001A05.JPG,1,5
001A08.JPG,1,8
001A10.JPG,1,10
001A14.JPG,1,14
001A16.JPG,1,16
001A18.JPG,1,18
001A19.JPG,1,19
001A22.JPG,1,22
001A28.JPG,1,28
001A29.JPG,1,29
001A33.JPG,1,33
001A40.JPG,1,40
001A43a.JPG,1,43
001A43b.JPG,1,43
002A03.JPG,2,3
002A04.JPG,2,4
002A05.JPG,2,5
002A07.JPG,2,7
002A12.JPG,2,12
002A15.JPG,2,15
002A16.JPG,2,16
002A18.JPG,2,18
002A20.JPG,2,20
002A21.JPG,2,21
002A23.JPG,2,23
002A26.JPG,2,26
002A29.JPG,2,29
002A31.JPG,2,31
002A36.JPG,2,36
002A38.JPG,2,38
003A18.JPG,3,18
003A20.JPG,3,20
003A23.JPG,3,23
003A25.JPG,3,25
003A35.JPG,3,35
003A38.JPG,3,38
003A47.JPG,3,47
003A49.JPG,3,49
003A51.JPG,3,51
003A58.JPG,3,58
003A60.JPG,3,60
003A61.JPG,3,61
004A19.JPG,4,19
004A21.JPG,4,21
004A26.JPG,4,26
004A28.JPG,4,28
004A30.JPG,4,30
004A37.JPG,4,37
004A40.JPG,4,40
004A48.JPG,4,48
004A51.JPG,4,51
004A53.JPG,4,53
004A62.JPG,4,62
004A63.JPG,4,63
005A18.JPG,5,18
005A24.JPG,5,24
005A30.JPG,5,30
005A31.JPG,5,31
005A35.JPG,5,35
005A40.JPG,5,40
005A45.JPG,5,45
005A48.JPG,5,48
005A49.JPG,5,49
005A52.JPG,5,52
005A61.JPG,5,61
006A24.JPG,6,24
006A28.JPG,6,28
006A31.JPG,6,31
006A36.JPG,6,36
006A40.JPG,6,40
006A42.JPG,6,42
006A46.JPG,6,46
006A51.JPG,6,51
006A55.JPG,6,55
006A61.JPG,6,61
006A67.JPG,6,67
006A69.JPG,6,69
007A01.JPG,7,1
007A18.JPG,7,18
007A22.JPG,7,22
007A23.JPG,7,23
007A26.JPG,7,26
007A37.JPG,7,37
007A38.JPG,7,38
007A39.JPG,7,39
007A45.JPG,7,45
008A03.JPG,8,3
008A06.JPG,8,6
008A08.JPG,8,8
008A12.JPG,8,12
008A13.JPG,8,13
008A16.JPG,8,16
008A17.JPG,8,17
008A18.JPG,8,18
008A21.JPG,8,21
008A29.JPG,8,29
008A30.JPG,8,30
008A31.JPG,8,31
008A33.JPG,8,33
008A35.JPG,8,35
008A41.JPG,8,41
009A00.JPG,9,0
009A01.JPG,9,1
009A03.JPG,9,3
009A05.JPG,9,5
009A09.JPG,9,9
009A11.JPG,9,11
009A13.JPG,9,13
009A14.JPG,9,14
009A16a.JPG,9,16
009A16b.JPG,9,16
009A18.JPG,9,18
009A22b.JPG,9,22
009A22a.JPG,9,22
010A01.JPG,10,1
010A04.JPG,10,4
010A05.JPG,10,5
010A06.JPG,10,6
010A07b.JPG,10,7
010A07a.JPG,10,7
010A09.JPG,10,9
010A10.JPG,10,10
010A12.JPG,10,12
010A15.JPG,10,15
010A16.JPG,10,16
010A18.JPG,10,18
011A02.JPG,11,2
011A05.JPG,11,5
011A07.JPG,11,7
011A11.JPG,11,11
011A13.JPG,11,13
011A14.JPG,11,14
011A15.JPG,11,15
011A17.JPG,11,17
011A20.JPG,11,20
011A27.JPG,11,27
011A30.JPG,11,30
011A34.JPG,11,34
011A40.JPG,11,40
011A42.JPG,11,42
012A04.JPG,12,4
012A07.JPG,12,7
012A12.JPG,12,12
012A14.JPG,12,14
012A18.JPG,12,18
012A21.JPG,12,21
012A23.JPG,12,23
012A24.JPG,12,24
012A25.JPG,12,25
012A26.JPG,12,26
012A27.JPG,12,27
012A30.JPG,12,30
012A32.JPG,12,32
012A34.JPG,12,34
012A36.JPG,12,36
013A00.JPG,13,0
013A08.JPG,13,8
013A16.JPG,13,16
013A18.JPG,13,18
013A19.JPG,13,19
013A21.JPG,13,21
013A23.JPG,13,23
013A25.JPG,13,25
013A30.JPG,13,30
013A34.JPG,13,34
013A41.JPG,13,41
013A44.JPG,13,44
014A03.JPG,14,3
014A12.JPG,14,12
014A14.JPG,14,14
014A16.JPG,14,16
014A18.JPG,14,18
014A22.JPG,14,22
014A30.JPG,14,30
014A36.JPG,14,36
014A40.JPG,14,40
014A42.JPG,14,42
015A00.JPG,15,0
015A01.JPG,15,1
015A03.JPG,15,3
015A04.JPG,15,4
015A05.JPG,15,5
015A07.JPG,15,7
015A09.JPG,15,9
015A10.JPG,15,10
015A12.JPG,15,12
015A14.JPG,15,14
015A15.JPG,15,15
015A17.JPG,15,17
015A19.JPG,15,19
016A01.JPG,16,1
016A03.JPG,16,3
016A04.JPG,16,4
016A05.JPG,16,5
016A07.JPG,16,7
016A08.JPG,16,8
016A10.JPG,16,10
016A12.JPG,16,12
016A14.JPG,16,14
016A16.JPG,16,16
016A17.JPG,16,17
016A18.JPG,16,18
016A19.JPG,16,19
017A05.JPG,17,5
017A07.JPG,17,7
017A12.JPG,17,12
017A15.JPG,17,15
017A17.JPG,17,17
017A19.JPG,17,19
017A22.JPG,17,22
017A26.JPG,17,26
017A29.JPG,17,29
017A32.JPG,17,32
017A36.JPG,17,36
017A38.JPG,17,38
017A42.JPG,17,42
018A06.JPG,18,6
018A11.JPG,18,11
018A16.JPG,18,16
018A18.JPG,18,18
018A22.JPG,18,22
018A25.JPG,18,25
018A28.JPG,18,28
018A29.JPG,18,29
018A33.JPG,18,33
018A34.JPG,18,34
018A36.JPG,18,36
019A00.JPG,19,0
019A03.JPG,19,3
019A05.JPG,19,5
019A07.JPG,19,7
019A12.JPG,19,12
019A15.JPG,19,15
019A18.JPG,19,18
019A23.JPG,19,23
019A27.JPG,19,27
019A30.JPG,19,30
020A02.JPG,20,2
020A04.JPG,20,4
020A08.JPG,20,8
020A11.JPG,20,11
020A13.JPG,20,13
020A16.JPG,20,16
020A18.JPG,20,18
020A20.JPG,20,20
020A22.JPG,20,22
020A24.JPG,20,24
020A26.JPG,20,26
020A30.JPG,20,30
020A36.JPG,20,36
021A03.JPG,21,3
021A05.JPG,21,5
021A06.JPG,21,6
021A11.JPG,21,11
021A16.JPG,21,16
021A18.JPG,21,18
021A20.JPG,21,20
021A23.JPG,21,23
021A27.JPG,21,27
021A30.JPG,21,30
021A35.JPG,21,35
021A39.JPG,21,39
022A00.JPG,22,0
022A07.JPG,22,7
022A11.JPG,22,11
022A14.JPG,22,14
022A16.JPG,22,16
022A18.JPG,22,18
022A20.JPG,22,20
022A23.JPG,22,23
022A25.JPG,22,25
022A26.JPG,22,26
022A27.JPG,22,27
022A28.JPG,22,28
022A30.JPG,22,30
023A00.JPG,23,0
023A03.JPG,23,3
023A05.JPG,23,5
023A07.JPG,23,7
023A09.JPG,23,9
023A14.JPG,23,14
023A16.JPG,23,16
023A18.JPG,23,18
023A21.JPG,23,21
023A22.JPG,23,22
023A25.JPG,23,25
023A29.JPG,23,29
024A00.JPG,24,0
024A05.JPG,24,5
024A07.JPG,24,7
024A10.JPG,24,10
024A17.JPG,24,17
024A18.JPG,24,18
024A19.JPG,24,19
024A23.JPG,24,23
024A25.JPG,24,25
024A28.JPG,24,28
024A30.JPG,24,30
025A00.JPG,25,0
025A03.JPG,25,3
025A07.JPG,25,7
025A12.JPG,25,12
025A15.JPG,25,15
025A18.JPG,25,18
025A19.JPG,25,19
025A22.JPG,25,22
025A23.JPG,25,23
025A28.JPG,25,28
025A34.JPG,25,34
025A39.JPG,25,39
026A00.JPG,26,0
026A02.JPG,26,2
026A04.JPG,26,4
026A06.JPG,26,6
026A07.JPG,26,7
026A11.JPG,26,11
026A13.JPG,26,13
026A15.JPG,26,15
026A17.JPG,26,17
026A18.JPG,26,18
026A19.JPG,26,19
027A02.JPG,27,2
027A11.JPG,27,11
027A13.JPG,27,13
027A16.JPG,27,16
027A18.JPG,27,18
027A20.JPG,27,20
027A22.JPG,27,22
027A25.JPG,27,25
027A30.JPG,27,30
027A36.JPG,27,36
027A41.JPG,27,41
028A14.JPG,28,14
028A16.JPG,28,16
028A18.JPG,28,18
028A20.JPG,28,20
028A26.JPG,28,26
028A28.JPG,28,28
028A34.JPG,28,34
028A35.JPG,28,35
028A37.JPG,28,37
028A41.JPG,28,41
028A46.JPG,28,46
029A01.JPG,29,1
029A04.JPG,29,4
029A05.JPG,29,5
029A10.JPG,29,10
029A11.JPG,29,11
029A13.JPG,29,13
029A16.JPG,29,16
029A20.JPG,29,20
029A22.JPG,29,22
029A23.JPG,29,23
029A29.JPG,29,29
029A31.JPG,29,31
029A33.JPG,29,33
030A00.JPG,30,0
030A04.JPG,30,4
030A05.JPG,30,5
030A07.JPG,30,7
030A10.JPG,30,10
030A16.JPG,30,16
030A17.JPG,30,17
030A18.JPG,30,18
030A20.JPG,30,20
030A23.JPG,30,23
030A26.JPG,30,26
031A00.JPG,31,0
031A02.JPG,31,2
031A03.JPG,31,3
031A04.JPG,31,4
031A06.JPG,31,6
031A07.JPG,31,7
031A09.JPG,31,9
031A11.JPG,31,11
031A12.JPG,31,12
031A14.JPG,31,14
031A15.JPG,31,15
031A16.JPG,31,16
031A19.JPG,31,19
032A06.JPG,32,6
032A08.JPG,32,8
032A10.JPG,32,10
032A13.JPG,32,13
032A15.JPG,32,15
032A18.JPG,32,18
032A20.JPG,32,20
032A24.JPG,32,24
032A28.JPG,32,28
032A33.JPG,32,33
032A35.JPG,32,35
032A40.JPG,32,40
033A02.JPG,33,2
033A05.JPG,33,5
033A10.JPG,33,10
033A14.JPG,33,14
033A18.JPG,33,18
033A21.JPG,33,21
033A25.JPG,33,25
033A30.JPG,33,30
033A35.JPG,33,35
033A39.JPG,33,39
033A44.JPG,33,44
034A02.JPG,34,2
034A04.JPG,34,4
034A11.JPG,34,11
034A13.JPG,34,13
034A15.JPG,34,15
034A16.JPG,34,16
034A18.JPG,34,18
034A21.JPG,34,21
034A25.JPG,34,25
034A30.JPG,34,30
034A35.JPG,34,35
034A39.JPG,34,39
034A44.JPG,34,44
035A00.JPG,35,0
035A01.JPG,35,1
035A03.JPG,35,3
035A05.JPG,35,5
035A07.JPG,35,7
035A08.JPG,35,8
035A09.JPG,35,9
035A12.JPG,35,12
035A14.JPG,35,14
035A16.JPG,35,16
035A18.JPG,35,18
035A21.JPG,35,21
035A23b.JPG,35,23
035A23a.JPG,35,23
036A00.JPG,36,0
036A01.JPG,36,1
036A03.JPG,36,3
036A05.JPG,36,5
036A06.JPG,36,6
036A08.JPG,36,8
036A11.JPG,36,11
036A13.JPG,36,13
036A15.JPG,36,15
036A17.JPG,36,17
036A18.JPG,36,18
036A19.JPG,36,19
036A20.JPG,36,20
037A00.JPG,37,0
037A01.JPG,37,1
037A02.JPG,37,2
037A04.JPG,37,4
037A06.JPG,37,6
037A08.JPG,37,8
037A09.JPG,37,9
037A11.JPG,37,11
037A13.JPG,37,13
037A17.JPG,37,17
037A18.JPG,37,18
037A19.JPG,37,19
038A00.JPG,38,0
038A01.JPG,38,1
038A03.JPG,38,3
038A04.JPG,38,4
038A05.JPG,38,5
038A08.JPG,38,8
038A10.JPG,38,10
038A11.JPG,38,11
038A13.JPG,38,13
038A14.JPG,38,14
038A17.JPG,38,17
038A21.JPG,38,21
038A23.JPG,38,23
038A34.JPG,38,34
039A02.JPG,39,2
039A05.JPG,39,5
039A07.JPG,39,7
039A10.JPG,39,10
039A11.JPG,39,11
039A13.JPG,39,13
039A15.JPG,39,15
039A16.JPG,39,16
039A17.JPG,39,17
039A19.JPG,39,19
039A35.JPG,39,35
039A45.JPG,39,45
039A50.JPG,39,50
039A52.JPG,39,52
040A00.JPG,40,0
040A02.JPG,40,2
040A03b.JPG,40,3
040A03a.JPG,40,3
040A05.JPG,40,5
040A06.JPG,40,6
040A07.JPG,40,7
040A09.JPG,40,9
040A10.JPG,40,10
040A12.JPG,40,12
040A14.JPG,40,14
040A16.JPG,40,16
040A19.JPG,40,19
040A21.JPG,40,21
041A00.JPG,41,0
041A02.JPG,41,2
041A04.JPG,41,4
041A06.JPG,41,6
041A09.JPG,41,9
041A13.JPG,41,13
041A19.JPG,41,19
041A20.JPG,41,20
041A21.JPG,41,21
041A24.JPG,41,24
042A00.JPG,42,0
042A01.JPG,42,1
042A04.JPG,42,4
042A05.JPG,42,5
042A06.JPG,42,6
042A08.JPG,42,8
042A10.JPG,42,10
042A12.JPG,42,12
042A14.JPG,42,14
042A18.JPG,42,18
042A20.JPG,42,20
042A24.JPG,42,24
042A28.JPG,42,28
043A00.JPG,43,0
043A03.JPG,43,3
043A04.JPG,43,4
043A05.JPG,43,5
043A10.JPG,43,10
043A13.JPG,43,13
043A15.JPG,43,15
043A17.JPG,43,17
043A19.JPG,43,19
043A23.JPG,43,23
043A27.JPG,43,27
044A01.JPG,44,1
044A03.JPG,44,3
044A05.JPG,44,5
044A07.JPG,44,7
044A13.JPG,44,13
044A15.JPG,44,15
044A17.JPG,44,17
044A18.JPG,44,18
044A21.JPG,44,21
044A25.JPG,44,25
045A03.JPG,45,3
045A06.JPG,45,6
045A08.JPG,45,8
045A12.JPG,45,12
045A17.JPG,45,17
045A18.JPG,45,18
045A19.JPG,45,19
045A25.JPG,45,25
045A28.JPG,45,28
045A32.JPG,45,32
045A40.JPG,45,40
045A43.JPG,45,43
045A48.JPG,45,48
046A00.JPG,46,0
046A01.JPG,46,1
046A02.JPG,46,2
046A04.JPG,46,4
046A06.JPG,46,6
046A08.JPG,46,8
046A10.JPG,46,10
046A12.JPG,46,12
046A14.JPG,46,14
046A16.JPG,46,16
046A17.JPG,46,17
046A18.JPG,46,18
046A20.JPG,46,20
047A05.JPG,47,5
047A06.JPG,47,6
047A09.JPG,47,9
047A11.JPG,47,11
047A12.JPG,47,12
047A13.JPG,47,13
047A15.JPG,47,15
047A18.JPG,47,18
047A20.JPG,47,20
047A23.JPG,47,23
047A27.JPG,47,27
047A33.JPG,47,33
047A45.JPG,47,45
047A55.JPG,47,55
048A00.JPG,48,0
048A09.JPG,48,9
048A10.JPG,48,10
048A11.JPG,48,11
048A15.JPG,48,15
048A16.JPG,48,16
048A17.JPG,48,17
048A18.JPG,48,18
048A27.JPG,48,27
048A30.JPG,48,30
048A33.JPG,48,33
048A46.JPG,48,46
048A49.JPG,48,49
048A50.JPG,48,50
048A52.JPG,48,52
048A54.JPG,48,54
049A04.JPG,49,4
049A05.JPG,49,5
049A06.JPG,49,6
049A07.JPG,49,7
049A08.JPG,49,8
049A10.JPG,49,10
049A12.JPG,49,12
049A15.JPG,49,15
049A16.JPG,49,16
049A17.JPG,49,17
050A00.JPG,50,0
050A03.JPG,50,3
050A06.JPG,50,6
050A10.JPG,50,10
050A14.JPG,50,14
050A16.JPG,50,16
050A18.JPG,50,18
050A22.JPG,50,22
051A00.JPG,51,0
051A02.JPG,51,2
051A05.JPG,51,5
051A08.JPG,51,8
051A12.JPG,51,12
051A14.JPG,51,14
051A15.JPG,51,15
051A16.JPG,51,16
051A17.JPG,51,17
051A18.JPG,51,18
051A24.JPG,51,24
052A02.JPG,52,2
052A04.JPG,52,4
052A07.JPG,52,7
052A10.JPG,52,10
052A13.JPG,52,13
052A14.JPG,52,14
052A16.JPG,52,16
052A17.JPG,52,17
052A18.JPG,52,18
052A19.JPG,52,19
052A20.JPG,52,20
053A00.JPG,53,0
053A01.JPG,53,1
053A02.JPG,53,2
053A03.JPG,53,3
053A04.JPG,53,4
053A06.JPG,53,6
053A08.JPG,53,8
053A10.JPG,53,10
053A11.JPG,53,11
053A12.JPG,53,12
053A13.JPG,53,13
053A15.JPG,53,15
053A18.JPG,53,18
054A00.JPG,54,0
054A02.JPG,54,2
054A04.JPG,54,4
054A06.JPG,54,6
054A09.JPG,54,9
054A10.JPG,54,10
054A11.JPG,54,11
054A12.JPG,54,12
054A13.JPG,54,13
054A16.JPG,54,16
054A17.JPG,54,17
054A18.JPG,54,18
054A19.JPG,54,19
055A04.JPG,55,4
055A05.JPG,55,5
055A06.JPG,55,6
055A08.JPG,55,8
055A12.JPG,55,12
055A14.JPG,55,14
055A22.JPG,55,22
055A23.JPG,55,23
056A01.JPG,56,1
056A02.JPG,56,2
056A03.JPG,56,3
056A04.JPG,56,4
056A06.JPG,56,6
056A10.JPG,56,10
056A12.JPG,56,12
056A15.JPG,56,15
057A00.JPG,57,0
057A05.JPG,57,5
057A06.JPG,57,6
057A07.JPG,57,7
057A12.JPG,57,12
057A16.JPG,57,16
057A17.JPG,57,17
057A18.JPG,57,18
057A23.JPG,57,23
057A25.JPG,57,25
058A00.JPG,58,0
058A01.JPG,58,1
058A02.JPG,58,2
058A03.JPG,58,3
058A04.JPG,58,4
058A05.JPG,58,5
058A06.JPG,58,6
058A10.JPG,58,10
058A13.JPG,58,13
058A15.JPG,58,15
058A17.JPG,58,17
059A02b.JPG,59,2
059A02a.JPG,59,2
059A03.JPG,59,3
059A04.JPG,59,4
059A06.JPG,59,6
059A07.JPG,59,7
059A12.JPG,59,12
059A14.JPG,59,14
059A16.JPG,59,16
060A02.JPG,60,2
060A04.JPG,60,4
060A05.JPG,60,5
060A06.JPG,60,6
060A07.JPG,60,7
060A08.JPG,60,8
060A10.JPG,60,10
060A11.JPG,60,11
060A12.JPG,60,12
060A17.JPG,60,17
060A19.JPG,60,19
060A20.JPG,60,20
061A04.JPG,61,4
061A06.JPG,61,6
061A07.JPG,61,7
061A10.JPG,61,10
061A15.JPG,61,15
061A17.JPG,61,17
061A18.JPG,61,18
061A19.JPG,61,19
061A25.JPG,61,25
061A26.JPG,61,26
061A29.JPG,61,29
061A30.JPG,61,30
061A32.JPG,61,32
062A03.JPG,62,3
062A15.JPG,62,15
062A16.JPG,62,16
062A18.JPG,62,18
062A30.JPG,62,30
062A35.JPG,62,35
062A38.JPG,62,38
062A41.JPG,62,41
062A45.JPG,62,45
062A47.JPG,62,47
062A53.JPG,62,53
062A54.JPG,62,54
063A00.JPG,63,0
063A02.JPG,63,2
063A04.JPG,63,4
063A08.JPG,63,8
063A09.JPG,63,9
063A18.JPG,63,18
063A20.JPG,63,20
063A22.JPG,63,22
063A25.JPG,63,25
063A33.JPG,63,33
064A01.JPG,64,1
064A03.JPG,64,3
064A04.JPG,64,4
064A10.JPG,64,10
064A15.JPG,64,15
064A19.JPG,64,19
065A02a.JPG,65,2
065A02b.JPG,65,2
065A03b.JPG,65,3
065A03a.JPG,65,3
065A04.JPG,65,4
065A06b.JPG,65,6
065A06a.JPG,65,6
065A07a.JPG,65,7
065A07b.JPG,65,7
065A08.JPG,65,8
065A09.JPG,65,9
065A10.JPG,65,10
065A11.JPG,65,11
065A12.JPG,65,12
065A13.JPG,65,13
066A00.JPG,66,0
066A02b.JPG,66,2
066A02a.JPG,66,2
066A03.JPG,66,3
066A04.JPG,66,4
066A06a.JPG,66,6
066A06b.JPG,66,6
066A07.JPG,66,7
066A08.JPG,66,8
066A09.JPG,66,9
066A10.JPG,66,10
066A11.JPG,66,11
067A04.JPG,67,4
067A14.JPG,67,14
067A17.JPG,67,17
067A21.JPG,67,21
067A23.JPG,67,23
067A26.JPG,67,26
067A28.JPG,67,28
067A30.JPG,67,30
067A33.JPG,67,33
067A39.JPG,67,39
068A00.JPG,68,0
068A03.JPG,68,3
068A04.JPG,68,4
068A09.JPG,68,9
068A10a.JPG,68,10
068A10b.JPG,68,10
068A11.JPG,68,11
068A12.JPG,68,12
068A13.JPG,68,13
068A14.JPG,68,14
069A00.JPG,69,0
069A02.JPG,69,2
069A03.JPG,69,3
069A04.JPG,69,4
069A05.JPG,69,5
069A06.JPG,69,6
069A07.JPG,69,7
069A09.JPG,69,9
069A10.JPG,69,10
069A11.JPG,69,11
069A13.JPG,69,13
070A00.JPG,70,0
070A01.JPG,70,1
070A02.JPG,70,2
070A03.JPG,70,3
070A05.JPG,70,5
070A06.JPG,70,6
070A07.JPG,70,7
070A08.JPG,70,8
070A09.JPG,70,9
070A12.JPG,70,12
070A14.JPG,70,14
071A00.JPG,71,0
071A10.JPG,71,10
071A18.JPG,71,18
071A22.JPG,71,22
071A23.JPG,71,23
071A24.JPG,71,24
071A27.JPG,71,27
071A35.JPG,71,35
071A40.JPG,71,40
071A42.JPG,71,42
071A43.JPG,71,43
071A44.JPG,71,44
071A45.JPG,71,45
072A02.JPG,72,2
072A07.JPG,72,7
072A11.JPG,72,11
072A13.JPG,72,13
072A14.JPG,72,14
072A17.JPG,72,17
072A19.JPG,72,19
072A21.JPG,72,21
072A25.JPG,72,25
072A27.JPG,72,27
072A29.JPG,72,29
072A34.JPG,72,34
072A41.JPG,72,41
072A45.JPG,72,45
073A00.JPG,73,0
073A01.JPG,73,1
073A02.JPG,73,2
073A03.JPG,73,3
073A04.JPG,73,4
073A05.JPG,73,5
073A06.JPG,73,6
073A07.JPG,73,7
073A08.JPG,73,8
073A09.JPG,73,9
073A11.JPG,73,11
073A12.JPG,73,12
073A13.JPG,73,13
073A14.JPG,73,14
073A15.JPG,73,15
073A16.JPG,73,16
074A00.JPG,74,0
074A01.JPG,74,1
074A02.JPG,74,2
074A03.JPG,74,3
074A04.JPG,74,4
074A05.JPG,74,5
074A06.JPG,74,6
074A07.JPG,74,7
074A08.JPG,74,8
074A09.JPG,74,9
074A10.JPG,74,10
074A11.JPG,74,11
074A12.JPG,74,12
074A13.JPG,74,13
074A14.JPG,74,14
074A15.JPG,74,15
075A00.JPG,75,0
075A01.JPG,75,1
075A02.JPG,75,2
075A03.JPG,75,3
075A05.JPG,75,5
075A06.JPG,75,6
075A07.JPG,75,7
075A08.JPG,75,8
075A10.JPG,75,10
075A11.JPG,75,11
076A00.JPG,76,0
076A01.JPG,76,1
076A02.JPG,76,2
076A03.JPG,76,3
076A04.JPG,76,4
076A05.JPG,76,5
076A06.JPG,76,6
076A07.JPG,76,7
076A08.JPG,76,8
076A09.JPG,76,9
076A10.JPG,76,10
076A11.JPG,76,11
076A12.JPG,76,12
076A13.JPG,76,13
076A14.JPG,76,14
076A15.JPG,76,15
076A16.JPG,76,16
076A17.JPG,76,17
077A00.JPG,77,0
077A01.JPG,77,1
077A02.JPG,77,2
077A03.JPG,77,3
077A04.JPG,77,4
077A06.JPG,77,6
077A07.JPG,77,7
077A08.JPG,77,8
077A09.JPG,77,9
077A10.JPG,77,10
077A11.JPG,77,11
077A12.JPG,77,12
077A13.JPG,77,13
077A14.JPG,77,14
077A15.JPG,77,15
077A16.JPG,77,16
078A00.JPG,78,0
078A01.JPG,78,1
078A02.JPG,78,2
078A03.JPG,78,3
078A04.JPG,78,4
078A05.JPG,78,5
078A06.JPG,78,6
078A07.JPG,78,7
078A08.JPG,78,8
078A09.JPG,78,9
078A10.JPG,78,10
078A11.JPG,78,11
078A12.JPG,78,12
078A13.JPG,78,13
078A14.JPG,78,14
078A15.JPG,78,15
079A00.JPG,79,0
079A01.JPG,79,1
079A02.JPG,79,2
079A03.JPG,79,3
079A04.JPG,79,4
079A05.JPG,79,5
079A06.JPG,79,6
079A07.JPG,79,7
079A08.JPG,79,8
079A09.JPG,79,9
079A10.JPG,79,10
079A11.JPG,79,11
079A12.JPG,79,12
079A13.JPG,79,13
080A00.JPG,80,0
080A01.JPG,80,1
080A02.JPG,80,2
080A03.JPG,80,3
080A04.JPG,80,4
080A05.JPG,80,5
080A06.JPG,80,6
080A07.JPG,80,7
080A08.JPG,80,8
080A09.JPG,80,9
080A10.JPG,80,10
080A12.JPG,80,12
080A13.JPG,80,13
080A14.JPG,80,14
081A00.JPG,81,0
081A01.JPG,81,1
081A02.JPG,81,2
081A03.JPG,81,3
081A04.JPG,81,4
081A05.JPG,81,5
081A06.JPG,81,6
081A07.JPG,81,7
081A08.JPG,81,8
081A10.JPG,81,10
081A11.JPG,81,11
081A12.JPG,81,12
082A00.JPG,82,0
082A03.JPG,82,3
082A16.JPG,82,16
082A18.JPG,82,18
082A20.JPG,82,20
082A21.JPG,82,21
082A22.JPG,82,22
082A23.JPG,82,23
082A25.JPG,82,25
082A27.JPG,82,27
082A31.JPG,82,31
